elapsed_s,shoulder_pan,shoulder_lift,elbow_flex,wrist_flex,wrist_roll,gripper
0.003,450,62,770,121,441,296
0.106,450,62,770,121,441,296
0.214,450,62,770,121,441,296
0.318,450,62,770,121,441,296
0.425,450,62,770,121,441,296
0.532,450,62,770,121,441,296
0.636,450,62,770,121,441,296
0.744,450,62,770,121,441,296
0.851,450,62,770,121,441,296
0.959,450,62,770,121,441,296
1.068,450,62,770,121,441,296
1.172,450,62,770,121,441,296
1.275,450,62,770,121,441,297
1.379,450,62,770,121,441,296
1.487,450,62,770,121,441,296
1.59,450,62,770,121,441,296
1.697,450,62,770,121,441,296
1.805,450,62,770,121,441,296
1.909,450,62,770,121,441,296
2.017,450,62,770,121,441,296
2.124,450,62,770,121,441,296
2.228,450,62,770,121,441,296
2.333,450,62,770,121,441,296
2.44,450,62,770,121,441,296
2.545,450,62,770,121,441,296
2.648,450,62,770,121,441,296
2.755,450,62,770,121,441,296
2.86,450,62,770,121,441,296
2.965,450,62,770,121,441,296
3.071,450,62,770,121,441,296
3.178,450,62,770,121,441,296
3.282,450,62,770,121,441,296
3.386,450,62,770,121,441,296
3.489,450,62,770,121,441,296
3.596,450,62,770,121,441,296
3.699,450,62,770,121,441,296
3.804,450,62,770,121,441,296
3.912,450,62,770,121,441,296
4.016,450,62,770,121,441,296
4.124,450,62,770,121,441,296
4.227,450,62,770,121,441,296
4.334,450,62,770,121,441,296
4.439,450,62,770,121,441,296
4.547,450,62,770,121,441,296
4.654,450,62,770,121,441,296
4.761,450,62,770,121,441,296
4.868,450,62,770,121,441,297
4.976,450,62,770,121,441,296
5.083,450,62,770,121,441,297
5.188,450,62,770,121,441,297
5.296,450,62,770,121,441,296
5.399,450,62,770,121,441,296
5.506,450,62,770,121,441,296
5.611,450,62,770,121,441,296
5.714,450,62,770,121,441,296
5.82,450,62,770,121,441,296
5.928,450,62,770,121,441,296
6.033,450,62,770,121,441,297
6.141,450,62,770,121,441,297
6.248,450,62,770,121,441,296
6.353,450,62,770,121,441,296
6.457,450,62,770,121,441,296
6.561,450,62,770,121,441,296
6.669,450,62,770,121,441,296
6.774,450,62,770,121,441,297
6.878,450,62,770,121,441,296
6.986,450,62,770,121,441,297
7.089,450,62,770,121,441,296
7.195,450,62,770,121,441,296
7.302,450,62,770,121,441,296
7.406,450,62,770,121,441,296
7.511,450,62,770,121,441,296
7.619,450,62,770,121,441,296
7.726,450,62,770,121,441,296
7.831,450,62,770,121,441,296
7.939,450,62,770,121,441,297
8.045,450,62,770,121,441,296
8.15,450,62,770,121,441,296
8.258,450,62,770,121,441,296
8.364,450,62,770,121,441,296
8.47,450,62,770,121,441,296
8.577,450,62,770,121,441,296
8.683,450,62,770,121,441,296
8.788,450,62,770,121,441,296
8.894,450,62,770,121,441,296
9.0,450,62,770,121,441,296
9.106,450,62,770,121,441,296
9.209,450,62,770,121,441,296
9.314,450,62,770,121,441,296
9.419,450,62,770,121,441,296
9.527,450,62,770,121,441,296
9.633,450,62,770,121,441,296
9.736,450,62,770,121,441,296
9.844,450,62,770,121,441,296
9.951,450,62,770,121,441,296
10.055,450,62,770,121,441,297
10.161,450,62,770,121,441,296
10.269,450,62,770,121,441,296
10.375,450,62,770,121,441,296
10.478,450,62,770,121,441,296
10.581,450,62,770,121,441,296
10.687,450,62,770,121,441,296
10.795,450,62,770,121,441,296
10.903,450,62,770,121,441,297
11.011,450,62,770,121,441,296
11.118,450,62,770,121,441,296
11.222,450,62,770,121,441,296
11.325,450,62,770,121,441,296
11.432,450,62,770,121,441,296
11.54,450,62,770,121,441,297
11.644,450,62,770,121,441,297
11.749,450,62,770,121,441,297
11.852,450,62,770,121,441,296
11.958,450,62,770,121,441,296
12.065,450,62,770,121,441,296
12.169,450,62,770,121,441,296
12.273,450,62,770,121,441,296
12.378,450,62,770,121,441,296
12.484,450,62,770,121,441,296
12.587,450,62,770,121,441,297
12.694,450,62,770,121,441,297
12.801,450,62,770,121,441,297
12.904,450,62,770,121,441,296
13.008,450,62,770,121,441,296
13.113,450,62,770,121,441,296
13.22,450,62,770,121,441,296
13.325,450,62,770,121,441,296
13.431,450,62,770,121,441,296
13.537,450,62,770,121,441,296
13.644,450,62,770,121,441,296
13.749,450,62,770,121,441,296
13.852,450,62,770,121,441,296
13.96,450,62,770,121,441,296
14.065,450,62,770,121,441,296
14.17,450,62,770,121,441,296
14.276,450,62,770,121,441,296
14.383,450,62,770,121,441,296
14.491,450,62,770,121,441,296
14.599,450,62,770,121,441,296
14.702,450,62,770,121,441,296
14.808,450,62,770,121,441,296
14.911,450,62,770,121,441,296
15.017,450,62,770,121,441,296
15.122,450,62,770,121,441,296
15.229,450,62,770,121,441,296
15.336,450,62,770,121,441,296
15.441,450,62,770,121,441,296
15.545,450,62,770,121,441,296
15.653,450,62,770,121,441,297
15.761,450,62,770,121,441,297
15.868,450,62,770,121,441,296
15.972,450,62,770,121,441,296
16.077,450,62,770,121,441,296
16.184,450,62,770,121,441,296
16.291,450,62,770,121,441,296
16.398,450,62,771,121,441,296
16.502,450,62,770,121,441,297
16.609,450,62,770,121,441,296
16.713,450,62,770,121,441,296
16.82,450,62,770,121,441,297
16.924,450,62,770,121,441,296
17.03,450,62,770,121,441,296
17.136,450,62,770,121,441,296
17.239,450,62,770,121,441,296
17.347,450,62,770,121,441,296
17.453,450,62,770,121,441,296
17.56,450,62,770,121,441,296
17.669,450,62,770,121,441,296
17.774,450,62,770,121,441,296
17.881,450,62,770,121,441,296
17.989,450,62,770,121,441,297
18.096,450,62,770,121,441,296
18.199,450,62,770,121,441,296
18.307,450,62,770,121,441,296
18.41,450,62,770,121,441,296
18.515,450,62,770,121,441,296
18.619,450,62,770,121,441,296
18.722,450,62,770,121,441,297
18.827,450,62,770,121,441,296
18.931,450,62,770,121,441,296
19.039,450,62,770,121,441,296
19.144,450,62,770,121,441,296
19.249,450,62,770,121,441,296
19.357,450,62,770,121,441,296
19.46,450,62,770,121,441,296
19.567,450,62,770,121,441,296
19.675,450,62,770,121,441,296
19.783,450,62,770,121,441,296
19.886,450,62,770,121,441,297
19.99,450,62,770,121,441,296
20.094,450,62,770,121,441,296
20.199,450,62,770,121,441,296
20.302,450,62,770,121,441,296
20.41,450,62,770,121,441,296
20.517,450,62,770,121,441,296
20.622,450,62,770,121,441,296
20.728,450,62,770,121,441,296
20.836,450,62,770,121,441,296
20.944,450,62,770,121,441,296
21.049,450,62,770,121,441,296
21.155,450,62,770,121,441,296
21.261,450,62,770,121,441,296
21.369,450,62,770,121,441,296
21.476,450,62,770,121,441,296
21.582,450,62,770,121,441,296
21.687,450,62,770,121,441,296
21.794,450,62,770,121,441,296
21.902,450,62,770,121,441,297
22.009,450,62,770,121,441,296
22.113,450,62,770,121,441,296
22.221,450,62,770,121,441,296
22.328,450,62,770,121,441,296
22.436,450,62,770,121,441,296
22.541,450,62,770,121,441,296
22.648,450,62,770,121,441,296
22.753,450,62,770,121,441,296
22.861,450,62,770,121,441,296
22.965,450,62,770,121,441,296
23.072,450,62,770,121,441,296
23.18,450,62,770,121,441,297
23.286,450,62,770,121,441,296
23.392,450,62,770,121,441,296
23.499,450,62,770,121,441,296
23.607,450,62,770,121,441,296
23.713,450,62,770,121,441,296
23.821,450,62,770,121,441,296
23.927,450,62,770,121,441,296
24.036,450,62,770,121,441,296
24.142,450,62,770,121,441,296
24.25,450,62,770,121,441,296
24.355,450,62,770,121,441,296
24.46,450,62,770,121,441,296
24.568,450,62,770,121,441,296
24.675,450,62,770,121,441,296
24.779,450,62,770,121,441,296
24.882,450,62,770,121,441,296
24.986,450,62,770,121,441,296
25.092,450,62,770,121,441,296
25.196,450,62,770,121,441,296
25.303,450,62,770,121,441,296
25.409,450,62,770,121,441,296
25.515,450,62,770,121,441,296
25.62,450,62,770,121,441,296
25.726,450,62,770,121,441,296
25.833,450,62,770,121,441,296
25.941,450,62,770,121,441,296
26.044,450,62,770,121,441,296
26.151,450,62,770,121,441,296
26.254,450,62,770,121,441,296
26.362,450,62,770,121,441,296
26.466,450,62,770,121,441,296
26.573,450,62,770,121,441,296
26.679,450,62,770,121,441,296
26.784,450,62,770,121,441,296
26.888,450,62,770,121,441,296
26.994,450,62,770,121,441,296
27.102,450,62,770,121,441,296
27.209,450,62,770,121,441,297
27.316,450,62,770,121,441,296
27.419,450,62,770,121,441,296
27.527,450,62,770,121,441,296
27.632,450,62,770,121,441,296
27.74,450,62,770,121,441,296
27.847,450,62,770,121,441,296
27.95,450,62,770,121,441,296
28.058,450,62,770,121,441,296
28.162,450,62,770,121,441,296
28.268,450,62,770,121,441,296
28.376,450,62,770,121,441,296
28.484,450,62,770,121,441,296
28.586,450,62,770,121,441,296
28.694,450,62,770,121,441,296
28.801,450,62,770,121,441,296
28.909,450,62,770,121,441,296
29.014,450,62,770,121,441,296
29.119,450,62,770,121,441,296
29.227,450,62,770,121,441,296
29.335,450,62,770,121,441,296
29.438,450,62,770,121,441,296
29.547,450,62,770,121,441,296
29.652,450,62,770,121,441,296
29.76,450,62,770,121,441,296
29.866,450,62,770,121,441,296
29.969,450,62,770,121,441,296
30.074,450,62,770,121,441,296
30.178,450,62,770,121,441,297
30.285,450,62,770,121,441,296
30.393,450,62,770,121,441,296
30.501,450,62,770,121,441,296
30.606,450,62,770,121,441,296
30.714,450,62,770,121,441,296
30.821,450,62,770,121,441,296
30.928,450,62,770,121,441,296
31.033,450,62,770,121,441,296
31.136,450,62,770,121,441,296
31.244,450,62,770,121,441,296
31.348,450,62,770,121,441,296
31.454,450,62,770,121,441,296
31.561,450,62,770,121,441,296
31.664,450,62,770,121,441,296
31.768,450,62,770,121,441,296
31.874,450,62,770,121,441,296
31.982,450,62,770,121,441,296
32.09,450,62,770,121,441,296
32.194,450,62,770,121,441,296
32.299,450,62,770,121,441,296
32.406,450,62,770,121,441,296
32.511,450,62,770,121,441,296
32.617,450,62,770,121,441,296
32.724,450,62,770,121,441,296
32.827,450,62,770,121,441,296
32.935,450,62,770,121,441,296
33.043,450,62,770,121,441,297
33.146,450,62,770,121,441,296
33.254,450,62,770,121,441,296
33.36,450,62,770,121,441,296
33.463,450,62,770,121,441,296
33.569,450,62,770,121,441,296
33.677,450,62,770,121,441,296
33.785,450,62,770,121,441,296
33.892,450,62,770,121,441,296
33.996,450,62,770,121,441,297
34.104,450,62,770,121,441,296
34.211,450,62,770,121,441,296
34.315,450,62,770,121,441,296
34.423,450,62,770,121,441,295
34.531,450,62,770,121,441,296
34.636,450,62,770,121,441,296
34.739,450,62,770,121,441,296
34.843,450,62,770,121,441,296
34.948,450,62,770,121,441,296
35.058,450,62,770,121,441,296
35.161,450,62,770,121,441,296
35.267,450,62,770,121,441,296
35.372,450,62,770,121,441,296
35.476,450,62,770,121,441,296
35.583,450,62,770,121,441,296
35.691,450,62,770,121,441,296
35.794,450,62,770,121,441,296
35.902,450,62,770,121,441,296
36.009,450,62,770,121,441,296
36.117,450,62,770,121,441,296
36.22,450,62,770,121,441,296
36.324,450,62,770,121,441,296
36.429,450,62,770,121,441,296
36.536,450,62,770,121,441,296
36.644,450,62,770,121,441,296
36.751,450,62,770,121,441,296
36.859,450,62,770,121,441,296
36.964,450,62,770,121,441,296
37.072,450,62,770,121,441,297
37.179,450,62,770,121,441,296
37.286,450,62,770,121,441,296
37.393,450,62,770,121,441,296
37.5,450,62,770,121,441,296
37.607,450,62,770,121,441,296
37.711,450,62,770,121,441,296
37.816,450,62,770,121,441,296
37.924,450,62,770,121,441,296
38.031,450,62,770,121,441,296
38.139,450,62,770,121,441,297
38.245,450,62,770,121,441,296
38.353,450,62,770,121,441,296
38.456,450,62,770,121,441,296
38.564,450,62,770,121,441,296
38.672,450,62,770,121,441,296
38.776,450,62,770,121,441,296
38.882,450,62,770,121,441,296
38.989,450,62,770,121,441,296
39.097,450,62,770,121,441,296
39.203,450,62,770,121,441,296
39.306,450,62,770,121,441,296
39.411,450,62,770,121,441,296
39.518,450,62,770,121,441,296
39.621,450,62,770,121,441,296
39.728,450,62,770,121,441,296
39.833,450,62,770,121,441,296
39.937,450,62,770,121,441,296
40.043,450,62,770,121,441,296
40.147,450,62,770,121,441,296
40.253,450,62,770,121,441,296
40.36,450,62,770,121,441,296
40.468,450,62,770,121,441,296
40.575,450,62,770,121,441,296
40.682,450,62,770,121,441,296
40.786,450,62,770,121,441,296
40.891,450,62,770,121,441,296
40.998,450,62,770,121,441,296
41.102,450,62,770,121,441,296
41.205,450,62,770,121,441,296
41.312,450,62,770,121,441,296
41.417,450,62,770,121,441,296
41.523,450,62,770,121,441,296
41.627,450,62,770,121,441,296
41.731,450,62,770,121,441,296
41.836,450,62,770,121,441,296
41.94,450,62,770,121,441,296
42.047,450,62,770,121,441,296
42.153,450,62,770,121,441,296
42.256,450,62,770,121,441,297
42.361,450,62,770,121,441,297
42.467,450,62,770,121,441,296
42.571,450,62,770,121,441,296
42.68,450,62,770,121,441,297
42.787,450,62,770,121,441,297
42.895,450,62,770,121,441,296
43.002,450,62,770,121,441,296
43.105,450,62,771,121,441,296
43.21,450,62,770,121,441,296
43.317,450,62,771,121,441,296
43.425,450,62,770,121,441,296
43.528,450,62,770,121,441,296
43.636,450,62,770,121,441,296
43.739,450,62,770,121,441,296
43.847,450,62,770,121,441,296
43.955,450,62,770,121,441,296
44.061,450,62,770,121,441,297
44.168,450,62,770,121,441,296
44.276,450,62,770,121,441,296
44.382,450,62,770,121,441,296
44.486,450,62,770,121,441,296
44.592,450,62,770,121,441,296
44.697,450,62,770,121,441,296
44.802,450,62,770,121,441,296
44.91,450,62,770,121,441,296
45.017,450,62,770,121,441,296
45.124,450,62,770,121,441,296
45.229,450,62,770,121,441,296
45.336,450,62,770,121,441,296
45.442,450,62,770,121,441,296
45.547,450,62,770,121,441,296
45.653,450,62,770,121,441,296
45.758,450,62,770,121,441,296
45.862,450,62,770,121,441,296
45.969,450,62,770,121,441,296
46.077,450,62,770,121,441,296
46.181,450,62,770,121,441,296
46.284,450,62,770,121,441,296
46.387,450,62,770,121,441,296
46.491,450,62,770,121,441,296
46.596,450,62,770,121,441,296
46.703,450,62,770,121,441,296
46.81,450,62,770,121,441,296
46.914,450,62,770,121,442,297
47.018,450,62,770,121,441,297
47.121,450,62,770,121,441,296
47.229,450,62,770,121,441,296
47.337,450,62,770,121,441,296
47.444,450,62,770,121,441,296
47.55,450,62,770,121,441,296
47.658,450,62,770,121,441,296
47.767,450,62,770,121,441,296
47.875,450,62,770,121,441,296
47.982,450,62,770,121,441,296
48.09,450,62,770,121,441,296
48.197,450,62,770,121,441,296
48.3,450,62,770,121,441,297
48.407,450,62,770,121,441,297
48.515,450,62,770,121,441,297
48.622,450,62,770,121,441,296
48.726,450,62,770,121,441,296
48.831,450,62,770,121,441,296
48.939,450,62,770,121,441,296
49.044,450,62,770,121,441,296
49.149,450,62,770,121,441,296
49.257,450,62,770,121,441,296
49.361,450,62,770,121,441,296
49.468,450,62,770,121,441,296
49.577,450,62,770,121,441,296
49.684,450,62,770,121,441,296
49.788,450,62,770,121,441,296
49.894,450,62,770,121,441,296
50.001,450,62,771,121,441,296
50.109,450,62,770,121,441,296
50.216,450,62,770,121,441,297
50.324,450,62,770,121,441,296
50.428,450,62,770,121,441,296
50.537,450,62,771,121,441,296
50.64,450,62,770,121,441,296
50.746,450,62,770,121,441,297
50.851,450,62,770,121,441,297
50.958,450,62,770,121,441,297
51.062,450,62,770,121,441,296
51.166,450,62,770,121,441,296
51.273,450,62,770,121,441,296
51.379,450,62,770,121,441,296
51.486,450,62,770,121,441,296
51.592,450,62,770,121,442,296
51.699,450,62,770,121,441,296
51.802,450,62,770,121,441,296
51.909,450,62,770,121,441,296
52.017,450,62,770,121,441,296
52.122,450,62,770,121,441,296
52.228,450,62,770,121,441,296
52.334,450,62,770,121,441,296
52.44,450,62,770,121,441,296
52.545,450,62,770,121,441,296
52.652,450,62,770,121,441,296
52.76,450,62,770,121,441,296
52.867,450,62,770,121,441,296
52.974,450,62,770,121,441,297
53.082,450,62,770,121,441,296
53.185,450,62,770,121,441,296
53.293,450,62,770,121,441,297
53.401,450,62,770,121,441,296
53.507,450,62,770,121,441,296
53.615,450,62,770,121,441,296
53.719,450,62,770,121,441,297
53.827,450,62,770,121,441,296
53.934,450,62,770,121,441,296
54.042,450,62,770,121,441,296
54.148,450,62,770,121,441,296
54.251,450,62,770,121,441,296
54.354,450,62,770,121,441,297
54.461,450,62,770,121,441,296
54.566,450,62,770,121,441,296
54.671,450,62,770,121,441,296
54.778,450,62,770,121,441,297
54.886,450,62,770,121,441,296
54.992,450,62,770,121,441,296
55.1,450,62,770,121,441,296
55.206,450,62,770,121,441,296
55.311,450,62,770,121,441,296
55.416,450,62,770,121,441,296
55.524,450,62,770,121,441,296
55.627,450,62,770,121,441,296
55.732,450,62,770,121,441,296
55.839,450,62,770,121,441,296
55.944,450,62,770,121,441,296
56.051,450,62,770,121,441,296
56.158,450,62,770,121,441,296
56.261,450,62,770,121,441,296
56.367,450,62,770,121,441,296
56.473,450,62,770,121,441,296
56.577,450,62,770,121,441,296
56.685,450,62,770,121,441,296
56.792,450,62,770,121,441,296
56.899,450,62,770,121,441,296
57.003,450,62,770,121,441,296
57.108,450,62,770,121,441,297
57.214,450,62,770,121,441,296
57.322,450,62,770,121,441,296
57.429,450,62,770,121,441,297
57.537,450,62,770,121,441,296
57.644,450,62,770,121,441,296
57.747,450,62,770,121,441,296
57.853,450,62,770,121,441,296
57.961,450,62,770,121,441,296
58.064,450,62,770,121,441,296
58.17,450,62,770,121,441,296
58.277,450,62,770,121,441,296
58.385,450,62,770,121,441,296
58.493,450,62,770,121,441,296
58.597,450,62,770,121,441,297
58.703,450,62,770,121,441,297
58.806,450,62,770,121,441,296
58.912,450,62,770,121,441,296
59.016,450,62,770,121,441,297
59.121,450,62,770,121,441,296
59.228,450,62,770,121,441,296
59.336,450,62,770,121,441,296
59.441,450,62,770,121,441,296
59.548,450,62,770,121,441,296
59.651,450,62,770,121,441,296
59.754,450,62,770,121,441,297
59.861,450,62,770,121,441,296
59.969,450,62,770,121,441,296
60.077,450,62,770,121,441,296
60.181,450,62,770,121,441,297
60.286,450,62,770,121,441,296
60.394,450,62,770,121,441,296
60.502,450,62,770,121,441,296
60.606,450,62,770,121,441,296
60.711,450,62,770,121,441,296
60.814,450,62,770,121,441,296
60.919,450,62,770,121,441,297
61.025,450,62,770,121,441,296
61.133,450,62,770,121,441,296
61.237,450,62,770,121,441,296
61.345,450,62,770,121,441,296
61.453,450,62,770,121,441,296
61.559,450,62,770,121,441,296
61.662,450,62,770,121,441,297
61.769,450,62,770,121,441,296
61.876,450,62,770,121,441,296
61.98,450,62,770,121,441,296
62.088,450,62,770,121,441,296
62.192,450,62,770,121,441,296
62.3,450,62,770,121,441,297
62.405,450,62,770,121,441,296
62.511,450,62,770,121,441,296
62.616,450,62,770,121,441,296
62.724,450,62,770,121,441,296
62.83,450,62,770,121,441,296
62.935,450,62,770,121,441,296
63.039,450,62,770,121,441,296
63.147,450,62,770,121,441,296
63.252,450,62,770,121,441,296
63.355,450,62,770,121,441,296
63.463,450,62,770,121,441,296
63.568,450,62,770,121,441,296
63.672,450,62,770,121,441,296
63.778,450,62,770,121,441,296
63.886,450,62,770,121,441,296
63.99,450,62,770,121,441,296
64.095,450,62,770,121,441,296
64.201,450,62,770,121,441,296
64.308,450,62,770,121,441,296
64.411,450,62,770,121,441,296
64.519,450,62,770,121,441,296
64.627,450,62,770,121,441,296
64.734,450,62,770,121,441,296
64.841,450,62,770,121,441,296
64.945,450,62,770,121,441,296
65.049,450,62,770,121,441,296
65.154,450,62,770,121,441,296
65.258,450,62,770,121,441,296
65.361,450,62,770,121,441,296
65.467,450,62,770,121,441,296
65.572,450,62,770,121,441,296
65.679,450,62,770,121,441,297
65.786,450,62,770,121,441,296
65.894,450,62,770,121,441,296
66.001,450,62,770,121,441,296
66.108,450,62,770,121,441,296
66.216,450,62,770,121,441,296
66.324,450,62,770,121,441,296
66.428,450,62,770,121,441,296
66.535,450,62,770,121,441,296
66.641,450,62,770,121,441,296
66.744,450,62,770,121,441,296
66.851,450,62,771,121,441,296
66.955,450,62,770,121,441,296
67.062,450,62,770,121,441,296
67.17,450,62,770,121,441,296
67.278,450,62,770,121,441,296
67.386,450,62,770,121,441,296
67.49,450,62,770,121,441,296
67.596,450,62,770,121,441,296
67.701,450,62,770,121,441,296
67.804,450,62,770,121,441,296
67.911,450,62,770,121,441,296
68.017,450,62,770,121,441,296
68.124,450,62,770,121,441,296
68.228,450,62,770,121,441,296
68.336,450,62,770,121,441,296
68.439,450,62,770,121,441,296
68.544,450,62,770,121,441,296
68.652,450,62,770,121,441,296
68.759,450,62,770,121,441,296
68.867,450,62,770,121,441,296
68.972,450,62,770,121,441,296
69.076,450,62,770,121,441,296
69.181,450,62,770,121,441,296
69.286,450,62,770,121,441,296
69.393,450,62,770,121,441,297
69.501,450,62,770,121,441,296
69.609,450,62,770,121,441,296
69.717,450,62,770,121,441,296
69.824,450,62,770,121,441,296
69.929,450,62,770,121,441,296
70.035,450,62,770,121,441,296
70.143,450,62,770,121,441,296
70.251,450,62,770,121,441,297
70.358,450,62,770,121,441,296
70.461,450,62,770,121,441,296
70.569,450,62,770,121,441,296
70.674,450,62,770,121,441,296
70.782,450,62,770,121,441,296
70.89,450,62,770,121,441,296
70.995,450,62,770,121,441,296
71.103,450,62,770,121,441,296
71.209,450,62,770,121,441,296
71.317,450,62,770,121,441,296
71.425,450,62,770,121,441,297
71.529,450,62,770,121,441,296
71.633,450,62,770,121,441,296
71.736,450,62,770,121,441,296
71.842,450,62,770,121,441,296
71.95,450,62,770,121,441,296
72.053,450,62,770,121,441,296
72.16,450,62,770,121,441,296
72.264,450,62,770,121,441,296
72.372,450,62,770,121,441,296
72.477,450,62,770,121,441,297
72.585,450,62,770,121,441,297
72.689,450,62,770,121,441,296
72.794,450,62,770,121,441,296
72.897,450,62,770,121,441,296
73.003,450,62,770,121,441,296
73.107,450,62,770,121,441,296
73.211,450,62,770,121,441,296
73.317,450,62,770,121,441,296
73.425,450,62,770,121,441,296
73.531,450,62,770,121,441,296
73.635,450,62,770,121,441,296
73.742,450,62,770,121,441,296
73.848,450,62,770,121,441,296
73.955,450,62,770,121,441,297
74.059,450,62,770,121,441,296
74.167,450,62,770,121,441,296
74.275,450,62,770,121,441,296
74.379,450,62,770,121,441,296
74.486,450,62,770,121,441,296
74.592,450,62,770,121,441,296
74.698,450,62,770,121,441,296
74.804,450,62,770,121,441,296
74.912,450,62,770,121,441,296
75.02,450,62,770,121,441,296
75.128,450,62,770,121,441,296
75.234,450,62,770,121,441,296
75.339,450,62,770,121,441,296
75.447,450,62,770,121,441,296
75.553,450,62,770,121,441,297
75.66,450,62,770,121,441,296
75.763,450,62,770,121,441,296
75.869,450,62,770,121,441,296
75.977,450,62,770,121,441,296
76.085,450,62,770,121,441,296
76.19,450,62,770,121,441,296
76.294,450,62,770,121,441,296
76.4,450,62,770,121,441,296
76.506,450,62,770,121,441,296
76.611,450,62,770,121,441,297
76.718,450,62,770,121,441,296
76.826,450,62,770,121,441,296
76.932,450,62,770,121,441,296
77.036,450,62,770,121,441,296
77.142,450,62,770,121,441,296
77.251,450,62,770,121,441,296
77.353,450,62,770,121,441,296
77.46,450,62,770,121,441,296
77.568,450,62,770,121,441,296
77.675,450,62,770,121,441,296
77.781,450,62,770,121,441,296
77.889,450,62,770,121,441,296
77.997,450,62,770,121,441,296
78.101,450,62,770,121,441,296
78.209,450,62,770,121,441,296
78.312,450,62,770,121,441,296
78.42,450,62,770,121,441,296
78.524,450,62,770,121,441,296
78.629,450,62,770,121,441,296
78.732,450,62,770,121,441,296
78.839,450,62,770,121,441,296
78.945,450,62,770,121,441,296
79.052,450,62,770,121,441,296
79.156,450,62,770,121,441,296
79.26,450,62,770,121,441,296
79.365,450,62,770,121,441,296
79.472,450,62,770,121,441,297
79.576,450,62,770,121,441,297
79.683,450,62,770,121,441,296
79.788,450,62,770,121,441,296
79.893,450,62,770,121,441,297
80.0,450,62,770,121,441,297
80.103,450,62,770,121,441,296
80.209,450,62,770,121,441,297
80.316,450,62,770,121,441,296
80.423,450,62,770,121,441,296
80.527,450,62,770,121,441,296
80.634,450,62,770,121,441,296
80.739,450,62,770,121,441,296
80.845,450,62,770,121,441,296
80.949,450,62,770,121,441,296
81.057,450,62,770,121,441,296
81.163,450,62,770,121,441,296
81.27,450,62,770,121,441,296
81.378,450,62,770,121,441,296
81.486,450,62,771,121,441,296
81.593,450,62,770,121,441,296
81.698,450,62,770,121,441,296
81.804,450,62,770,121,441,296
81.91,450,62,770,121,441,296
82.017,450,62,770,121,441,296
82.125,450,62,770,121,441,296
82.233,450,62,770,121,441,296
82.341,450,62,770,121,441,296
82.448,450,62,770,121,441,296
82.553,450,62,770,121,441,296
82.661,450,62,770,121,441,296
82.768,450,62,770,121,441,297
82.875,450,62,770,121,441,296
82.982,450,62,770,121,441,296
83.087,450,62,770,121,441,296
83.191,450,62,770,121,441,297
83.298,450,62,770,121,441,296
83.405,450,62,770,121,441,296
83.513,450,62,770,121,441,296
83.617,450,62,770,121,441,296
83.724,450,62,770,121,441,297
83.832,450,62,770,121,441,297
83.939,450,62,770,121,441,296
84.046,450,62,770,121,441,296
84.154,450,62,770,121,441,296
84.262,450,62,770,121,441,297
84.365,450,62,770,121,441,296
84.471,450,62,770,121,441,296
84.578,450,62,770,121,441,296
84.685,450,62,770,121,441,296
84.793,450,62,770,121,441,296
84.9,450,62,770,121,441,296
85.007,450,62,770,121,441,296
85.114,450,62,770,121,441,296
85.222,450,62,770,121,441,296
85.33,450,62,770,121,441,296
85.437,450,62,770,121,441,296
85.543,450,62,770,121,441,296
85.648,450,62,770,121,441,296
85.751,450,62,770,121,441,296
85.859,450,62,770,121,441,297
85.965,450,62,770,121,441,296
86.07,450,62,770,121,441,296
86.177,450,62,770,121,441,296
86.283,450,62,770,121,441,296
86.39,450,62,770,121,441,296
86.494,450,62,770,121,441,296
86.602,450,62,770,121,441,296
86.708,450,62,770,121,441,296
86.813,450,62,770,121,441,296
86.919,450,62,770,121,441,296
87.023,450,62,770,121,441,296
87.131,450,62,770,121,441,296
87.237,450,62,770,121,441,296
87.34,450,62,770,121,441,296
87.448,450,62,770,121,441,296
87.552,450,62,770,121,441,296
87.66,450,62,770,121,441,296
87.767,450,62,770,121,441,296
87.875,450,62,770,121,441,296
87.98,450,62,770,121,441,296
88.089,450,62,770,121,441,296
88.193,450,62,770,121,441,296
88.3,450,62,770,121,441,296
88.406,450,62,770,121,441,296
88.513,450,62,770,121,441,296
88.619,450,62,770,121,441,296
88.724,450,62,770,121,441,296
88.831,450,62,770,121,441,296
88.936,450,62,770,121,441,296
89.043,450,62,770,121,441,296
89.15,450,62,770,121,441,296
89.254,450,62,770,121,441,296
89.36,450,62,770,121,441,296
89.466,450,62,770,121,441,296
89.573,450,62,770,121,441,296
89.678,450,62,770,121,441,296
89.785,450,62,770,121,441,296
89.889,450,62,770,121,441,297
89.992,450,62,770,121,441,296
90.098,450,62,770,121,441,296
90.203,450,62,770,121,441,296
90.31,450,62,770,121,441,296
90.415,450,62,770,121,441,296
90.522,450,62,770,121,441,297
90.628,450,62,770,121,441,296
90.736,450,62,770,121,441,296
90.842,450,62,770,121,441,296
90.948,450,62,770,121,441,296
91.056,450,62,770,121,441,296
91.163,450,62,770,121,441,296
91.27,450,62,770,121,441,296
91.377,450,62,770,121,441,296
91.482,450,62,770,121,441,296
91.588,450,62,770,121,441,296
91.694,450,62,770,121,441,296
91.798,450,62,770,121,441,296
91.901,450,62,770,121,441,296
92.006,450,62,770,121,441,296
92.113,450,62,770,121,441,296
92.219,450,62,770,121,441,296
92.327,450,62,770,121,441,296
92.432,450,62,770,121,441,296
92.536,450,62,770,121,441,296
92.64,450,62,770,121,441,296
92.747,450,62,770,121,441,296
92.852,450,62,770,121,441,296
92.956,450,62,770,121,441,296
93.059,450,62,770,121,441,296
93.167,450,62,770,121,441,296
93.274,450,62,770,121,441,296
93.382,450,62,770,121,441,296
93.49,450,62,770,121,441,296
93.594,450,62,770,121,441,296
93.698,450,62,770,121,441,296
93.802,450,62,770,121,441,296
93.905,450,62,770,121,441,296
94.01,450,62,770,121,441,296
94.117,450,62,770,121,441,296
94.222,450,62,770,121,441,296
94.328,450,62,770,121,441,296
94.431,450,62,770,121,441,296
94.535,450,62,770,121,441,296
94.639,450,62,770,121,441,296
94.743,450,62,770,121,441,296
94.85,450,62,770,121,441,297
94.955,450,62,770,121,441,296
95.058,450,62,770,121,441,296
95.162,450,62,770,121,441,296
95.269,450,62,770,121,441,296
95.373,450,62,770,121,441,296
95.48,450,62,770,121,441,296
95.586,450,62,770,121,441,296
95.693,450,62,770,121,441,296
95.798,450,62,770,121,441,296
95.902,450,62,770,121,441,296
96.008,450,62,770,121,441,296
96.113,450,62,770,121,441,296
96.219,450,62,770,121,441,296
96.322,450,62,770,121,441,296
96.43,450,62,770,121,441,296
96.537,450,62,770,121,441,296
96.644,450,62,770,121,441,296
96.748,450,62,770,121,441,296
96.851,450,62,770,121,441,296
96.959,450,62,770,121,441,296
97.065,450,62,770,121,441,296
97.17,450,62,770,121,441,296
97.273,450,62,770,121,441,296
97.38,450,62,770,121,441,296
97.486,450,62,770,121,441,296
97.59,450,62,770,121,441,296
97.698,450,62,770,121,441,296
97.802,450,62,770,121,441,296
97.906,450,62,770,121,441,296
98.014,450,62,770,121,441,296
98.122,450,62,770,121,441,296
98.225,450,62,770,121,441,296
98.331,450,62,770,121,441,296
98.436,450,62,770,121,441,296
98.544,450,62,770,121,441,296
98.649,450,62,770,121,441,296
98.756,450,62,770,121,441,296
98.863,450,62,770,121,441,296
98.969,450,62,770,121,441,296
99.073,450,62,770,121,441,296
99.176,450,62,770,121,441,296
99.282,450,62,770,121,441,296
99.386,450,62,770,121,441,296
99.493,450,62,770,121,441,296
99.6,450,62,770,121,441,296
99.706,450,62,770,121,441,296
99.814,450,62,770,121,441,296
99.918,450,62,770,121,441,296
100.023,450,62,770,121,441,296
100.129,450,62,770,121,441,296
100.234,450,62,770,121,441,296
100.339,450,62,770,121,441,296
100.443,450,62,770,121,441,296
100.551,450,62,770,121,441,296
100.657,450,62,770,121,441,296
100.762,450,62,770,121,441,297
100.866,450,62,770,121,441,296
100.973,450,62,770,121,441,296
101.076,450,62,770,121,441,296
101.181,450,62,770,121,441,296
101.29,450,62,770,121,441,296
101.394,450,62,770,121,441,297
101.498,450,62,770,121,441,297
101.602,450,62,770,121,441,297
101.707,450,62,770,121,441,296
101.813,450,62,770,121,441,296
101.921,450,62,770,121,441,296
102.028,450,62,770,121,441,296
102.131,450,62,770,121,441,296
102.239,450,62,770,121,441,296
102.345,450,62,770,121,441,296
102.448,450,62,770,121,441,296
102.555,450,62,770,121,441,296
102.66,450,62,770,121,441,296
102.764,450,62,770,121,441,296
102.868,450,62,770,121,441,296
102.976,450,62,770,121,441,296
103.083,450,62,770,121,441,296
103.189,450,62,770,121,441,296
103.297,450,62,770,121,441,296
103.401,450,62,770,121,441,296
103.506,450,62,770,121,441,296
103.61,450,62,770,121,441,296
103.715,450,62,770,121,441,296
103.823,450,62,770,121,441,296
103.927,450,62,770,121,441,297
104.033,450,62,770,121,441,297
104.137,450,62,770,121,441,296
104.243,450,62,770,121,441,296
104.348,450,62,770,121,441,296
104.457,450,62,770,121,441,296
104.565,450,62,770,121,441,296
104.669,450,62,770,121,441,297
104.775,450,62,770,121,441,296
104.881,450,62,770,121,441,296
104.989,450,62,770,121,441,296
105.092,450,62,770,121,441,296
105.197,450,62,770,121,441,296
105.304,450,62,770,121,441,297
105.406,450,62,770,121,441,296
105.511,450,62,770,121,441,296
105.615,450,62,770,121,441,296
105.72,450,62,770,121,441,296
105.823,450,62,770,121,441,297
105.928,450,62,770,121,441,296
106.036,450,62,770,121,441,296
106.144,450,62,770,121,441,296
106.249,450,62,770,121,441,296
106.355,450,62,770,121,441,296
106.462,450,62,770,121,441,296
106.57,449,62,770,121,441,296
106.673,449,62,770,121,441,296
106.779,449,62,770,121,441,296
106.884,449,62,770,121,441,296
106.99,449,62,770,121,441,296
107.097,448,62,770,121,441,296
107.201,448,62,770,121,441,296
107.303,448,62,770,121,441,296
107.411,448,62,770,121,441,296
107.516,446,62,770,121,441,296
107.619,439,62,770,121,441,296
107.723,432,62,770,121,441,296
107.83,424,62,770,121,441,296
107.935,417,62,770,121,441,297
108.039,410,62,770,121,441,296
108.143,403,61,770,121,442,296
108.25,396,62,770,121,442,296
108.356,391,62,770,121,442,296
108.462,386,62,770,121,442,296
108.569,382,62,770,121,442,296
108.671,378,62,770,121,442,296
108.776,373,62,770,121,442,296
108.881,369,60,770,121,442,296
108.988,365,60,770,121,442,296
109.094,360,60,770,121,442,297
109.198,354,61,770,121,442,296
109.302,349,60,770,121,442,296
109.407,342,61,770,121,442,297
109.511,337,61,770,121,442,296
109.619,331,61,770,121,442,296
109.722,325,61,770,121,442,296
109.827,320,61,770,121,442,296
109.933,314,61,770,121,442,296
110.039,308,61,770,121,442,296
110.144,303,61,770,121,442,296
110.247,297,61,770,121,442,297
110.355,292,60,770,121,442,296
110.459,286,60,770,121,442,296
110.563,281,60,770,121,442,296
110.671,275,61,770,121,442,297
110.776,269,60,770,121,442,297
110.881,262,60,770,121,443,297
110.986,255,60,770,121,443,297
111.093,249,61,770,121,443,296
111.2,243,61,770,121,442,296
111.306,237,61,770,121,442,296
111.414,230,61,770,121,442,296
111.521,223,61,770,121,442,296
111.628,217,61,770,121,442,296
111.735,214,61,770,121,442,296
111.841,211,61,770,121,442,296
111.947,207,61,770,121,442,296
112.055,203,61,770,121,442,296
112.161,201,61,770,121,442,296
112.267,196,60,770,121,442,296
112.372,191,61,770,121,442,296
112.477,185,61,770,121,442,297
112.581,181,61,770,121,442,296
112.686,175,61,770,121,442,296
112.79,171,61,770,121,442,296
112.898,170,60,770,121,442,296
113.006,170,61,770,121,442,296
113.113,169,60,770,121,442,296
113.219,170,60,770,121,442,296
113.323,170,61,770,121,442,296
113.429,170,61,770,121,442,296
113.536,170,61,770,121,442,296
113.644,170,61,770,121,442,296
113.749,170,61,770,121,442,296
113.852,170,61,770,121,442,296
113.956,171,61,770,121,442,297
114.063,171,61,770,121,442,296
114.167,171,61,770,121,442,296
114.273,172,61,770,121,442,296
114.38,174,61,770,121,442,296
114.488,180,61,770,121,442,296
114.593,185,61,770,121,442,296
114.696,191,61,771,121,442,296
114.803,198,61,770,121,442,296
114.906,204,61,770,121,442,296
115.011,210,61,770,121,442,296
115.116,215,61,770,121,442,296
115.222,219,61,770,121,442,296
115.33,222,61,770,121,442,296
115.436,224,61,770,121,442,296
115.539,228,61,770,121,442,296
115.647,232,61,770,121,442,296
115.75,238,61,771,121,442,296
115.856,244,61,770,121,442,296
115.962,251,61,770,121,442,296
116.068,258,61,770,121,442,296
116.174,265,61,770,121,442,296
116.28,271,61,770,121,442,296
116.384,278,61,770,121,442,296
116.491,285,61,770,121,442,296
116.596,292,61,770,121,442,296
116.7,298,61,770,121,442,296
116.806,305,61,770,121,442,296
116.91,313,61,770,121,442,296
117.014,320,61,771,121,442,296
117.118,326,61,770,121,442,296
117.222,333,61,771,121,441,296
117.326,340,61,770,121,442,296
117.434,347,61,771,121,442,296
117.538,354,61,770,121,442,296
117.642,361,61,770,121,442,296
117.745,369,61,770,121,442,296
117.853,377,61,770,121,441,296
117.957,384,61,770,121,442,296
118.063,391,61,770,121,441,296
118.169,398,61,770,121,441,296
118.277,404,61,770,121,441,296
118.382,411,61,770,121,441,296
118.489,417,62,771,121,441,296
118.597,425,62,770,121,441,297
118.704,432,61,770,121,441,296
118.808,440,62,770,121,441,296
118.916,447,62,771,121,441,296
119.023,453,62,770,121,441,296
119.127,459,61,770,121,441,296
119.235,466,62,770,121,441,296
119.339,474,61,770,121,441,296
119.446,479,61,770,121,441,296
119.551,486,61,770,121,441,296
119.654,490,61,770,121,441,296
119.761,497,61,771,121,441,296
119.871,502,61,770,121,441,297
119.976,508,61,770,121,441,296
120.081,515,61,770,121,441,296
120.188,521,62,770,121,441,296
120.296,528,61,770,121,441,296
120.402,535,61,770,121,441,296
120.506,543,62,770,121,441,296
120.613,551,62,770,121,441,296
120.721,559,62,770,121,442,296
120.828,567,62,770,121,441,296
120.936,577,62,770,121,441,296
121.04,585,62,770,121,441,296
121.147,594,62,770,121,441,296
121.252,603,62,770,121,441,296
121.356,611,62,770,121,441,296
121.463,619,62,770,121,441,296
121.567,626,62,770,121,441,296
121.673,634,62,770,121,441,296
121.776,640,62,770,121,441,297
121.882,647,62,770,121,441,296
121.99,654,62,770,121,441,296
122.093,661,61,770,121,441,296
122.2,669,61,770,121,441,296
122.303,675,61,770,121,441,296
122.406,682,61,770,121,441,296
122.514,688,62,770,121,441,296
122.619,695,62,770,121,441,296
122.724,704,62,770,121,441,296
122.831,711,62,770,121,441,297
122.935,718,62,770,121,441,297
123.042,725,62,770,121,441,297
123.148,733,62,770,121,441,296
123.255,739,62,770,121,441,296
123.359,745,62,770,121,441,296
123.465,752,62,770,121,441,296
123.568,756,62,770,121,441,296
123.672,761,62,770,121,441,296
123.778,762,62,770,121,441,296
123.885,762,61,770,121,441,296
123.988,760,61,770,121,441,296
124.093,760,61,770,121,441,296
124.196,760,61,770,121,441,296
124.304,760,61,770,121,441,296
124.412,760,61,770,121,441,296
124.515,760,61,770,121,441,296
124.623,760,61,770,121,441,296
124.73,760,61,770,121,441,296
124.834,760,61,770,121,441,296
124.938,762,61,770,121,441,296
125.043,762,61,770,121,441,296
125.151,762,61,770,121,441,296
125.254,762,61,770,121,441,297
125.361,762,61,770,121,441,296
125.465,762,61,771,121,441,296
125.573,763,61,771,121,441,296
125.677,766,61,771,121,441,296
125.781,769,61,770,121,441,296
125.888,774,61,771,121,441,296
125.991,777,61,771,121,441,296
126.098,783,61,771,121,441,296
126.205,788,61,771,121,441,296
126.313,793,61,770,121,441,296
126.418,800,61,771,121,441,296
126.526,806,61,771,121,441,296
126.633,812,61,771,121,441,296
126.74,819,61,771,121,441,296
126.844,826,61,771,121,441,296
126.952,833,61,771,121,441,296
127.057,840,61,771,121,441,296
127.165,847,61,771,121,441,296
127.269,853,61,771,121,441,296
127.373,859,61,771,121,441,296
127.481,865,61,770,121,441,296
127.587,872,61,770,121,441,296
127.695,878,61,770,121,441,296
127.802,883,61,771,121,441,296
127.907,889,61,771,121,441,296
128.015,895,61,771,121,441,296
128.12,897,61,771,121,441,296
128.226,897,61,771,121,441,296
128.332,898,61,771,121,441,296
128.439,897,61,771,121,441,296
128.546,897,61,770,121,441,296
128.654,897,61,770,121,441,296
128.761,896,61,770,121,441,296
128.865,895,61,770,121,441,296
128.972,895,61,770,121,441,296
129.079,895,61,770,121,441,296
129.183,895,61,770,121,441,296
129.29,895,61,770,121,441,296
129.396,895,61,770,121,441,296
129.501,895,61,770,121,441,296
129.605,895,61,771,121,441,296
129.713,895,61,770,121,441,296
129.818,895,61,770,121,441,296
129.923,895,61,770,121,441,297
130.028,895,61,770,121,441,296
130.135,895,61,770,121,441,296
130.243,895,61,770,121,441,296
130.351,895,61,770,121,441,296
130.456,895,61,770,121,441,296
130.564,895,61,770,121,441,296
130.667,895,62,770,121,441,296
130.773,896,63,769,121,441,296
130.879,896,64,769,121,441,296
130.986,896,64,769,121,441,296
131.094,896,63,769,121,441,296
131.198,896,64,768,121,441,296
131.306,896,66,765,121,441,296
131.411,897,69,760,121,441,296
131.515,897,73,754,121,441,296
131.618,897,78,747,121,441,296
131.726,897,83,742,121,441,296
131.833,897,87,736,121,441,296
131.94,897,92,730,121,441,296
132.046,897,97,723,121,441,296
132.153,897,102,717,121,441,296
132.257,896,105,711,121,441,296
132.365,896,110,704,121,441,296
132.47,896,114,698,121,441,296
132.575,896,116,690,121,441,296
132.681,896,120,684,121,441,296
132.788,895,124,678,121,441,296
132.891,895,129,671,121,441,296
132.998,895,131,667,121,441,296
133.106,895,134,659,121,441,296
133.213,895,137,653,121,441,296
133.321,895,141,648,121,441,296
133.427,895,143,644,121,441,296
133.532,895,149,638,121,441,296
133.636,895,156,632,121,441,296
133.742,895,163,626,121,441,296
133.849,895,170,620,121,441,296
133.953,895,176,614,121,441,296
134.058,895,183,608,121,441,296
134.165,895,190,602,121,441,296
134.273,895,196,596,121,441,296
134.38,896,202,591,121,441,296
134.488,895,208,586,121,441,296
134.592,895,214,581,121,441,296
134.696,895,219,575,121,441,296
134.804,895,224,569,121,441,296
134.911,895,229,563,121,441,296
135.019,895,234,558,121,441,296
135.124,895,237,552,121,441,296
135.231,895,242,545,121,441,296
135.334,895,247,538,121,441,296
135.442,895,251,530,121,441,296
135.549,895,254,522,121,441,296
135.655,895,259,513,121,441,296
135.759,895,262,505,121,441,296
135.864,895,265,498,121,441,296
135.969,895,267,490,121,441,296
136.073,895,269,481,121,441,297
136.181,895,272,473,121,441,296
136.286,895,274,463,121,441,296
136.391,895,277,455,121,441,296
136.498,895,281,448,121,441,296
136.606,895,285,440,121,441,296
136.713,895,289,432,120,441,296
136.819,895,292,425,121,441,296
136.924,893,295,417,120,441,296
137.032,891,298,409,120,441,296
137.14,890,301,402,120,441,296
137.244,890,304,394,121,441,296
137.348,890,306,386,121,441,296
137.453,890,309,380,121,441,296
137.558,890,312,371,121,441,296
137.665,890,317,363,121,441,296
137.773,890,319,356,121,441,296
137.876,890,321,349,121,441,296
137.982,890,324,343,121,441,296
138.09,890,327,336,121,441,296
138.197,890,330,328,121,441,296
138.305,890,333,321,121,442,296
138.411,890,336,312,121,441,297
138.515,890,339,306,120,441,297
138.622,890,342,299,121,441,297
138.727,891,345,292,121,441,297
138.835,890,348,284,121,441,298
138.943,889,351,277,121,441,298
139.048,889,353,271,121,441,298
139.156,889,356,264,121,441,298
139.262,889,359,259,121,441,297
139.369,889,362,252,121,441,297
139.475,889,366,246,121,441,298
139.581,889,370,239,121,441,298
139.688,889,374,233,121,441,298
139.796,889,378,228,121,441,298
139.904,889,382,222,121,441,297
140.007,889,386,217,121,441,298
140.112,889,391,212,121,441,298
140.219,889,396,206,121,441,298
140.325,889,399,201,121,441,298
140.431,888,403,198,121,442,298
140.539,885,406,197,120,442,298
140.647,884,410,197,121,442,298
140.75,883,412,197,121,442,298
140.858,883,415,197,121,442,298
140.965,883,419,197,121,441,298
141.072,883,422,197,121,441,298
141.178,883,426,197,121,441,298
141.286,883,429,197,120,441,298
141.389,882,432,197,121,441,298
141.496,882,437,197,121,441,298
141.6,881,440,197,120,441,298
141.708,881,445,197,120,441,297
141.815,881,448,197,120,441,298
141.922,880,453,197,121,441,298
142.028,880,456,197,121,441,297
142.131,880,461,197,121,441,298
142.239,880,465,197,121,441,298
142.344,880,469,197,121,441,298
142.452,880,472,197,121,441,298
142.555,880,477,197,120,441,298
142.659,880,481,197,121,441,298
142.764,880,484,197,120,441,298
142.872,880,489,197,120,441,298
142.977,880,494,197,120,441,298
143.085,880,499,197,120,441,297
143.189,880,504,197,120,441,298
143.296,880,510,197,120,441,298
143.404,880,515,197,120,441,298
143.508,880,520,197,121,441,298
143.614,880,526,197,120,441,298
143.722,880,532,197,121,441,298
143.83,880,539,197,121,441,298
143.935,880,546,197,120,441,298
144.041,881,554,197,121,441,298
144.146,881,560,197,121,441,298
144.253,882,568,197,121,441,298
144.358,882,575,197,121,441,298
144.461,882,580,197,121,441,298
144.568,882,586,197,121,441,298
144.672,882,591,197,121,441,298
144.78,882,597,197,121,441,298
144.887,882,602,197,121,441,298
144.995,882,607,197,121,441,298
145.102,882,612,197,121,441,298
145.208,882,617,197,121,441,298
145.312,882,623,197,121,441,298
145.417,882,628,198,121,441,298
145.522,882,633,198,121,441,297
145.626,882,637,198,121,441,298
145.733,882,644,198,121,441,298
145.84,882,650,199,121,441,298
145.943,882,656,199,121,441,298
146.048,882,661,199,121,441,298
146.154,882,666,199,121,441,298
146.259,882,672,199,121,441,298
146.363,881,677,199,121,441,297
146.471,882,682,199,121,441,298
146.579,882,687,199,121,441,298
146.685,882,691,199,121,441,298
146.792,882,696,199,121,441,298
146.9,882,702,199,121,441,298
147.007,882,706,199,121,441,298
147.115,882,710,199,121,441,298
147.22,882,713,199,121,441,297
147.324,882,716,199,121,441,297
147.431,882,720,199,121,441,297
147.539,882,723,199,121,441,298
147.644,882,727,199,121,441,298
147.747,882,730,199,121,441,297
147.852,882,733,199,121,441,297
147.956,882,736,199,121,441,297
148.063,882,738,199,121,441,297
148.166,882,740,199,122,441,297
148.274,881,740,199,121,441,297
148.381,882,740,199,122,441,297
148.489,882,740,199,122,441,297
148.596,882,740,199,122,441,297
148.703,882,740,199,122,441,297
148.81,882,740,199,122,441,298
148.913,882,740,199,122,441,298
149.016,881,740,199,122,441,298
149.122,882,740,199,122,441,297
149.23,882,740,199,122,441,297
149.336,882,740,199,122,441,298
149.443,882,739,199,122,441,297
149.547,882,739,199,122,441,297
149.651,882,737,199,122,441,297
149.755,881,737,199,121,441,298
149.862,881,736,199,121,441,297
149.97,881,734,199,121,441,298
150.075,881,731,199,121,441,298
150.183,881,726,199,121,441,298
150.288,881,721,199,121,441,298
150.396,880,716,199,121,441,298
150.504,880,711,199,121,441,297
150.611,881,705,199,121,441,298
150.719,880,698,199,121,441,298
150.823,880,691,199,121,441,297
150.928,880,684,199,121,441,298
151.037,880,677,199,121,441,298
151.141,880,670,199,121,441,298
151.247,879,661,199,121,441,298
151.355,879,653,199,121,441,298
151.46,879,644,199,121,441,298
151.564,879,635,198,121,441,298
151.671,879,626,198,121,441,297
151.779,879,617,197,120,441,298
151.886,879,607,197,120,441,298
151.99,879,600,197,120,441,297
152.093,879,593,197,121,441,297
152.2,879,586,197,121,441,298
152.308,879,578,197,121,441,298
152.414,879,569,197,121,441,298
152.517,879,563,197,121,441,298
152.624,879,556,197,121,441,298
152.727,879,547,197,121,441,298
152.83,880,539,197,121,441,297
152.935,880,531,197,121,441,298
153.038,880,521,197,121,441,298
153.143,881,513,197,121,441,298
153.249,880,503,197,121,441,298
153.357,880,495,197,121,441,298
153.464,880,488,197,121,441,298
153.569,881,480,197,121,441,298
153.673,880,473,197,121,441,297
153.776,880,465,197,121,441,297
153.88,880,456,197,121,441,298
153.985,880,447,197,121,441,298
154.091,880,439,197,121,441,298
154.198,880,430,197,120,441,298
154.305,880,423,197,121,441,298
154.413,880,417,197,121,441,298
154.521,880,411,197,121,441,297
154.626,880,405,197,121,441,297
154.734,880,398,197,120,441,297
154.841,880,391,197,120,441,298
154.949,880,385,197,121,441,298
155.056,880,379,197,121,441,298
155.164,880,376,197,121,441,297
155.269,881,371,197,121,441,298
155.377,881,369,197,121,441,297
155.481,880,365,197,121,441,297
155.584,881,361,197,121,441,297
155.689,880,358,199,121,442,297
155.793,880,356,199,121,441,297
155.9,880,354,201,121,441,298
156.006,880,352,205,121,441,298
156.114,879,350,210,121,441,298
156.217,879,347,216,121,441,298
156.324,879,345,224,121,441,298
156.432,880,342,231,121,441,298
156.536,879,339,237,121,441,297
156.64,879,336,244,121,441,298
156.747,879,332,252,121,441,297
156.852,879,328,259,121,441,298
156.956,879,324,267,121,441,298
157.064,879,320,275,121,441,298
157.169,879,316,283,120,441,298
157.275,879,313,290,121,441,298
157.381,879,308,298,121,441,298
157.488,880,304,307,121,441,298
157.592,879,301,313,121,441,298
157.699,879,297,323,121,441,298
157.805,879,293,331,121,441,298
157.913,879,290,338,120,441,298
158.019,879,286,344,120,441,298
158.126,879,283,349,121,441,297
158.228,879,279,351,121,441,298
158.336,879,276,350,121,441,297
158.44,879,271,349,121,441,297
158.547,879,268,349,121,441,298
158.655,879,265,344,121,441,298
158.759,879,264,339,121,441,298
158.862,879,261,330,120,441,298
158.966,879,258,322,121,441,298
159.074,880,256,311,121,441,298
159.181,880,254,302,120,441,297
159.287,880,254,293,121,441,297
159.394,880,252,283,121,442,298
159.498,881,250,274,121,442,297
159.602,881,250,264,121,442,297
159.71,881,249,254,121,442,298
159.816,881,249,245,121,442,298
159.923,881,249,235,121,442,298
160.029,881,249,227,121,442,297
160.137,881,247,219,121,442,297
160.243,881,244,211,121,442,297
160.351,881,241,205,121,442,297
160.455,881,238,199,121,442,298
160.563,881,236,197,121,442,297
160.67,881,232,197,121,442,297
160.778,881,228,197,121,441,297
160.885,881,224,196,121,441,297
160.991,881,221,196,121,442,297
161.098,880,218,196,121,442,298
161.202,880,215,196,121,442,298
161.31,879,212,196,121,442,297
161.416,879,210,198,121,442,297
161.523,880,209,199,122,442,297
161.631,879,209,201,121,442,297
161.739,879,209,208,121,442,297
161.842,880,209,214,121,442,297
161.95,879,209,222,121,442,298
162.055,880,208,229,120,442,298
162.162,879,207,236,120,442,297
162.268,879,205,243,120,442,298
162.374,879,204,252,120,442,298
162.482,879,203,260,120,442,298
162.586,879,203,268,120,442,298
162.693,879,203,276,120,442,298
162.796,879,202,284,120,442,298
162.904,879,202,293,120,442,297
163.01,879,202,302,120,442,297
163.114,879,201,310,120,442,297
163.222,879,201,321,120,442,297
163.33,879,200,331,120,442,297
163.438,879,199,340,120,442,298
163.543,879,198,348,120,441,298
163.65,879,198,358,120,441,298
163.755,879,197,367,120,441,297
163.861,879,195,377,120,441,298
163.967,879,192,385,120,441,298
164.072,879,190,394,120,441,298
164.178,879,187,403,120,441,297
164.286,879,186,413,120,441,297
164.39,878,186,422,120,441,298
164.494,877,186,432,120,441,298
164.597,876,186,441,120,441,298
164.705,876,184,451,120,441,297
164.812,876,183,461,120,441,297
164.916,876,179,471,120,441,298
165.023,876,178,482,120,441,298
165.128,876,176,492,120,441,298
165.236,876,175,502,120,441,298
165.341,876,175,513,120,441,298
165.449,876,175,524,120,441,298
165.556,876,175,534,120,441,297
165.662,876,173,544,120,441,297
165.767,876,173,553,120,441,298
165.874,876,173,565,120,441,298
165.981,876,173,574,120,441,298
166.086,876,173,586,120,441,298
166.194,876,173,597,120,441,298
166.301,876,172,608,120,441,297
166.404,877,171,619,120,441,297
166.512,877,170,628,120,441,297
166.616,877,170,639,120,441,298
166.724,877,170,648,121,441,298
166.832,877,170,661,120,441,298
166.939,877,170,671,120,441,298
167.046,877,170,684,120,441,298
167.154,877,170,695,121,441,298
167.259,877,170,706,121,441,298
167.364,877,170,718,121,441,298
167.471,877,170,729,121,441,297
167.578,877,171,740,122,441,297
167.686,877,170,749,122,441,298
167.789,878,171,756,122,442,298
167.893,878,171,764,122,442,298
167.998,877,170,771,123,442,298
168.106,878,171,772,123,442,298
168.214,878,171,772,123,442,298
168.317,878,171,772,123,442,297
168.422,878,171,772,123,442,297
168.528,878,171,772,123,442,297
168.631,877,171,772,123,442,297
168.734,877,171,772,123,442,297
168.84,877,171,772,123,442,297
168.948,877,171,772,123,442,298
169.055,877,170,772,123,442,298
169.16,877,171,772,123,442,298
169.265,877,170,772,123,442,297
169.371,877,171,772,122,442,298
169.478,877,171,770,123,442,298
169.584,877,172,768,123,442,298
169.687,877,170,764,122,442,297
169.79,878,171,758,121,443,298
169.899,877,171,751,121,443,297
170.006,878,171,743,120,443,297
170.114,878,171,737,120,442,297
170.222,878,171,731,120,442,298
170.329,878,171,726,119,442,298
170.433,878,171,722,115,442,298
170.54,878,171,718,110,442,298
170.646,878,171,715,105,441,298
170.755,878,170,713,99,441,297
170.859,878,171,710,94,441,298
170.964,878,171,709,88,441,297
171.068,878,170,708,81,442,297
171.173,878,170,708,77,442,298
171.276,878,170,708,72,442,298
171.384,878,170,708,68,442,298
171.492,878,170,708,68,442,298
171.6,878,170,706,68,441,298
171.704,878,170,704,68,441,298
171.812,878,170,704,67,441,297
171.919,878,171,704,68,441,298
172.027,878,171,704,68,441,298
172.136,878,170,702,68,441,298
172.239,878,170,699,68,441,297
172.345,878,171,697,68,441,298
172.449,878,170,692,68,441,298
172.557,878,171,686,70,441,298
172.664,878,172,682,70,441,298
172.769,878,172,679,69,441,297
172.877,878,171,674,68,441,297
172.98,878,171,670,68,441,297
173.087,878,171,666,70,441,298
173.193,877,172,661,71,441,298
173.298,878,173,658,71,441,297
173.402,877,172,656,71,441,297
173.506,877,171,653,70,441,297
173.61,877,171,653,68,441,298
173.716,877,171,652,68,441,297
173.823,877,171,648,70,441,298
173.93,877,172,645,73,441,298
174.038,877,172,640,78,441,298
174.146,876,173,634,85,441,298
174.254,876,173,629,94,441,298
174.362,876,173,624,103,441,298
174.467,876,173,621,112,441,297
174.573,876,173,616,122,441,297
174.677,876,172,613,130,441,297
174.785,876,172,610,138,441,297
174.892,876,171,605,147,441,297
174.994,876,171,602,155,441,298
175.102,876,171,598,165,441,298
175.206,876,171,593,174,441,298
175.309,876,171,588,183,441,298
175.412,876,171,584,192,441,297
175.52,876,170,579,202,441,297
175.627,876,170,574,209,441,298
175.731,876,170,570,218,441,298
175.839,876,170,567,226,441,298
175.946,875,170,564,234,441,298
176.052,876,170,561,243,441,298
176.156,876,170,559,252,441,298
176.26,876,170,559,262,441,298
176.364,876,170,559,272,441,297
176.471,876,168,559,281,441,298
176.579,876,166,559,291,441,297
176.687,876,164,559,301,441,298
176.792,875,162,558,309,442,297
176.898,876,162,554,320,442,298
177.005,876,163,550,329,442,297
177.109,876,162,546,339,442,297
177.213,875,162,544,349,442,298
177.321,875,163,541,359,442,298
177.429,875,163,539,371,442,297
177.535,876,162,538,381,442,297
177.638,875,162,539,391,442,297
177.742,876,162,539,403,442,297
177.849,875,162,539,412,443,297
177.956,875,162,538,423,443,297
178.063,875,159,538,433,443,297
178.167,875,157,538,441,443,298
178.273,876,157,538,451,443,297
178.381,875,156,538,461,443,297
178.486,876,156,538,471,443,297
178.593,876,154,539,481,443,297
178.7,876,153,539,491,443,298
178.806,876,153,539,501,443,298
178.91,876,153,538,511,443,297
179.015,876,153,539,522,443,297
179.122,876,152,539,531,443,297
179.23,876,151,539,542,443,297
179.335,876,150,539,553,443,297
179.439,876,150,538,563,443,297
179.547,876,150,539,574,443,297
179.652,876,150,539,583,443,297
179.755,876,150,539,591,443,297
179.863,876,150,538,600,443,297
179.966,876,150,539,607,443,297
180.071,876,150,539,614,443,298
180.175,876,149,539,621,443,298
180.28,876,149,538,629,443,297
180.384,876,149,538,637,443,298
180.489,876,149,538,643,443,297
180.597,876,149,538,651,443,297
180.705,876,149,538,659,443,297
180.809,876,148,538,665,443,298
180.915,876,148,538,670,443,297
181.022,876,148,539,676,443,297
181.127,876,148,539,680,443,297
181.235,876,148,539,681,443,297
181.343,876,148,538,681,443,297
181.447,876,148,538,681,443,298
181.553,876,148,538,681,443,297
181.656,876,148,539,681,443,297
181.759,876,148,539,681,443,297
181.866,876,148,539,681,443,297
181.97,876,148,540,681,443,297
182.078,876,148,540,681,443,297
182.183,876,148,540,681,443,297
182.289,876,148,540,681,443,297
182.395,876,148,540,681,444,297
182.503,876,148,540,681,443,297
182.607,876,147,540,681,443,297
182.713,876,147,540,681,443,298
182.816,876,147,540,681,443,297
182.924,876,147,540,681,443,297
183.029,876,147,538,681,443,297
183.135,876,147,538,680,443,297
183.239,876,148,538,680,443,297
183.343,876,148,538,680,443,297
183.448,876,148,538,679,443,297
183.557,876,148,538,675,443,297
183.663,876,148,536,671,442,297
183.767,876,149,533,665,442,297
183.872,876,149,528,659,442,297
183.977,876,149,525,653,442,297
184.081,876,149,520,646,442,297
184.189,876,149,516,639,442,296
184.297,876,149,512,630,442,296
184.4,876,149,509,622,441,296
184.503,876,150,506,614,441,296
184.606,876,150,503,604,441,296
184.713,876,151,500,596,442,297
184.82,876,151,497,585,442,296
184.927,876,153,494,574,441,296
185.031,876,156,489,565,441,296
185.136,876,158,484,553,441,296
185.244,876,161,481,541,442,296
185.35,876,163,475,531,442,296
185.456,876,166,471,520,442,296
185.565,876,168,465,509,442,296
185.672,876,171,460,498,441,296
185.78,877,173,455,488,442,296
185.886,877,174,450,479,442,296
185.989,877,176,448,470,442,296
186.095,877,177,444,462,442,296
186.2,877,178,441,454,442,296
186.306,877,178,437,446,442,296
186.413,877,179,434,439,442,296
186.518,877,181,431,431,442,296
186.623,877,183,430,425,442,296
186.728,877,184,427,419,442,296
186.835,877,185,426,413,442,296
186.941,877,186,424,408,442,296
187.049,877,186,423,403,443,296
187.156,878,187,422,399,443,296
187.259,877,187,422,396,443,297
187.363,877,186,422,396,443,297
187.471,877,186,422,395,442,296
187.574,877,186,423,395,442,296
187.683,877,186,423,395,442,297
187.787,877,185,423,396,441,296
187.892,876,185,423,396,440,296
187.996,876,185,424,395,435,296
188.102,876,185,424,395,427,296
188.205,876,185,424,395,420,296
188.313,876,185,424,395,411,296
188.42,876,185,424,395,402,296
188.528,876,185,424,396,393,296
188.636,876,185,424,396,384,296
188.743,876,185,424,396,375,296
188.851,876,185,424,396,366,296
188.956,876,185,424,396,357,296
189.061,876,185,424,396,349,296
189.168,876,185,424,396,341,296
189.274,876,185,424,396,333,296
189.381,876,185,424,396,325,296
189.485,876,185,424,396,317,296
189.589,876,184,424,396,309,296
189.697,876,183,424,396,301,296
189.803,876,185,424,396,293,296
189.905,877,185,424,396,285,296
190.012,877,185,424,396,277,296
190.12,878,185,424,396,271,296
190.228,878,185,424,396,264,296
190.334,878,185,424,396,255,297
190.439,878,185,424,396,246,296
190.544,878,184,424,396,236,296
190.648,878,184,424,396,229,296
190.755,878,184,424,396,220,296
190.859,878,185,424,396,212,296
190.964,878,185,423,396,203,296
191.072,878,185,423,396,194,296
191.177,878,184,423,396,184,296
191.283,878,184,423,396,174,296
191.389,878,185,423,396,165,296
191.494,878,185,423,396,154,296
191.6,877,184,423,395,145,296
191.705,878,185,423,395,135,296
191.81,878,185,423,395,125,296
191.913,878,185,423,395,117,296
192.02,878,185,423,396,108,296
192.127,878,185,423,395,98,296
192.23,878,185,423,395,89,296
192.338,878,184,423,395,80,296
192.443,878,184,423,395,70,296
192.55,878,184,423,395,61,296
192.655,878,184,423,395,52,296
192.759,878,185,423,395,42,296
192.867,878,185,422,392,32,296
192.972,878,185,423,389,23,296
193.077,878,185,423,386,15,296
193.185,878,185,423,384,8,296
193.289,878,185,423,381,6,296
193.397,878,185,423,379,6,296
193.503,878,185,423,378,6,296
193.606,877,185,423,378,6,296
193.713,878,185,423,378,6,296
193.817,878,185,423,378,6,296
193.922,878,185,423,378,7,296
194.03,878,185,423,378,7,296
194.137,878,184,423,378,7,296
194.245,878,184,423,378,9,296
194.353,878,184,423,378,14,296
194.46,878,185,423,378,19,296
194.563,880,186,423,378,26,296
194.671,882,186,422,378,33,296
194.777,885,185,422,378,41,296
194.883,886,184,422,378,49,296
194.989,887,184,422,378,57,296
195.097,887,185,422,378,64,296
195.203,888,185,422,378,74,296
195.308,890,184,423,378,84,296
195.414,892,184,423,378,93,296
195.52,893,184,423,378,104,296
195.622,894,184,423,378,113,296
195.726,894,184,423,378,122,296
195.829,894,184,423,378,131,296
195.937,894,184,422,378,140,296
196.044,895,184,422,379,151,296
196.152,896,184,423,379,162,296
196.256,896,184,423,379,172,296
196.364,896,184,423,379,180,296
196.472,896,184,423,379,189,296
196.58,896,184,423,379,198,296
196.688,896,184,422,379,206,296
196.793,896,183,423,379,215,296
196.9,896,184,423,379,223,296
197.007,896,184,423,379,232,296
197.115,896,184,423,379,241,296
197.223,896,184,422,379,251,296
197.331,897,184,422,379,260,296
197.436,897,183,422,378,270,296
197.543,897,184,422,379,281,296
197.65,897,184,422,379,290,296
197.758,897,183,422,379,298,296
197.862,897,184,422,379,307,296
197.97,897,184,422,378,316,296
198.074,897,184,422,378,324,296
198.179,897,184,422,378,330,296
198.287,897,184,422,378,337,296
198.394,897,184,422,378,344,296
198.502,897,184,422,378,351,296
198.606,897,184,422,379,359,296
198.712,897,183,422,379,368,296
198.82,897,183,422,378,374,296
198.925,897,184,422,378,381,296
199.032,897,183,422,378,386,296
199.139,895,183,422,378,384,296
199.245,896,183,423,379,383,296
199.349,896,183,424,379,383,296
199.456,896,183,423,379,383,296
199.56,897,183,423,378,385,296
199.666,897,183,423,378,386,296
199.773,897,183,423,379,392,296
199.876,897,183,423,379,399,296
199.981,897,183,423,379,407,296
200.084,897,183,423,379,418,296
200.19,897,183,423,379,427,297
200.298,897,183,423,379,437,297
200.403,897,183,423,379,447,297
200.508,897,183,423,379,458,297
200.612,897,183,423,379,468,298
200.717,897,183,423,379,478,298
200.825,897,183,423,380,488,298
200.932,897,183,423,379,496,298
201.037,897,183,423,379,505,298
201.141,897,183,423,379,514,298
201.247,897,183,423,379,524,298
201.355,897,183,422,379,532,298
201.458,897,183,423,379,541,298
201.566,897,183,422,379,550,298
201.673,897,183,422,379,558,298
201.777,897,183,422,379,567,298
201.88,897,183,422,379,575,298
201.987,897,183,423,379,585,298
202.095,897,183,423,379,592,298
202.203,897,183,423,379,601,298
202.311,897,183,423,379,610,298
202.419,897,183,423,379,616,298
202.526,897,183,422,379,625,298
202.632,897,183,423,379,632,297
202.736,897,183,423,379,635,297
202.844,896,183,424,379,635,297
202.951,897,183,423,379,635,297
203.056,897,183,423,379,634,297
203.163,897,183,423,379,634,297
203.267,897,183,424,379,634,297
203.373,897,183,424,379,634,297
203.477,897,183,423,379,635,297
203.58,897,183,423,379,636,296
203.688,897,183,424,380,637,296
203.795,897,183,424,380,642,296
203.903,897,183,424,380,649,296
204.008,897,183,424,379,657,296
204.114,897,183,424,379,667,296
204.217,897,183,424,380,674,296
204.325,897,183,424,380,683,296
204.431,897,183,423,380,692,296
204.539,897,183,423,379,700,296
204.642,897,183,422,380,708,296
204.75,897,183,422,379,717,296
204.854,897,183,422,379,726,296
204.962,897,183,422,379,736,296
205.066,897,183,422,379,743,296
205.171,897,183,422,379,751,296
205.279,897,183,422,379,758,296
205.386,897,183,422,379,767,296
205.494,897,183,422,379,775,296
205.602,897,183,422,379,784,296
205.707,897,183,422,379,791,296
205.814,897,183,422,379,798,296
205.922,897,183,422,379,805,296
206.03,897,183,422,378,812,296
206.134,897,183,422,378,820,296
206.241,897,183,422,378,828,296
206.347,897,183,423,378,835,296
206.455,897,183,423,379,842,296
206.563,897,183,422,379,849,296
206.67,897,183,423,379,854,296
206.772,897,183,423,379,860,296
206.879,897,183,424,379,862,296
206.988,896,183,423,379,862,296
207.091,896,183,423,379,862,296
207.197,897,183,423,379,861,296
207.302,897,183,423,379,861,296
207.408,897,183,423,379,862,296
207.514,897,183,423,379,863,296
207.617,897,183,423,379,864,296
207.723,897,183,423,379,869,296
207.831,897,183,423,379,877,296
207.939,897,183,423,379,886,296
208.043,897,183,423,379,897,296
208.15,897,183,423,379,905,296
208.257,897,183,423,379,915,296
208.36,897,183,423,379,925,296
208.468,897,183,423,379,936,296
208.573,897,183,423,379,945,296
208.681,897,183,422,379,957,296
208.788,897,183,422,379,967,296
208.895,897,183,422,379,978,296
208.999,897,183,422,379,987,296
209.106,897,183,422,379,996,296
209.213,897,183,423,379,1004,296
209.316,897,183,423,380,1011,296
209.423,897,183,423,380,1016,296
209.53,897,183,423,380,1017,296
209.638,897,183,423,380,1017,297
209.741,897,183,423,380,1017,296
209.847,896,183,423,380,1017,296
209.954,897,183,423,380,1016,296
210.058,897,183,423,379,1016,296
210.165,897,183,423,379,1016,296
210.272,897,183,423,379,1015,296
210.375,896,183,423,379,1015,296
210.48,896,183,423,379,1015,296
210.587,897,183,423,379,1015,297
210.695,897,183,423,379,1015,297
210.802,897,183,423,379,1015,296
210.91,897,183,423,379,1015,297
211.018,897,183,423,379,1015,297
211.123,897,183,423,379,1015,297
211.227,897,182,423,379,1015,297
211.331,897,183,423,379,1015,297
211.439,896,182,423,379,1015,297
211.545,896,183,424,379,1015,297
211.653,896,182,424,379,1015,297
211.76,895,183,424,379,1015,297
211.868,895,183,424,379,1015,297
211.973,895,183,424,379,1015,297
212.08,895,183,424,379,1015,297
212.188,895,183,424,379,1015,297
212.295,895,183,424,379,1015,297
212.4,895,183,424,379,1015,297
212.506,895,183,424,379,1015,297
212.613,896,183,424,379,1015,297
212.72,896,183,424,379,1015,297
212.825,897,183,424,379,1015,297
212.931,896,183,424,379,1015,297
213.039,896,183,424,379,1015,297
213.144,895,182,424,379,1015,297
213.247,895,180,424,380,1016,298
213.353,895,179,424,380,1015,299
213.458,895,177,424,380,1015,299
213.564,895,175,424,380,1015,299
213.669,895,173,424,380,1015,299
213.777,895,170,424,380,1015,299
213.883,895,170,425,380,1016,298
213.99,896,170,427,380,1016,298
214.094,896,172,430,380,1017,297
214.197,897,172,434,380,1017,297
214.303,897,172,438,380,1017,296
214.411,897,172,439,380,1017,296
214.514,897,171,442,380,1017,296
214.622,897,172,443,380,1017,290
214.725,897,172,445,379,1017,283
214.831,897,172,447,380,1017,276
214.939,897,171,450,380,1017,269
215.046,897,171,451,380,1017,262
215.151,897,170,453,380,1017,256
215.258,897,170,455,379,1017,249
215.366,897,170,455,379,1016,246
215.472,897,170,455,379,1017,242
215.578,897,170,455,379,1017,241
215.683,897,170,455,380,1017,240
215.788,897,170,455,380,1017,239
215.892,897,170,455,380,1017,239
215.999,897,170,455,380,1017,239
216.107,897,169,455,380,1017,241
216.214,897,169,455,380,1017,241
216.322,897,169,455,379,1017,241
216.425,897,169,455,379,1017,241
216.531,897,169,455,380,1017,241
216.638,897,169,455,380,1017,241
216.742,897,169,455,379,1017,241
216.849,897,169,455,379,1016,241
216.956,895,169,455,379,1016,241
217.06,895,168,455,379,1016,241
217.168,895,167,455,380,1015,241
217.273,895,167,455,380,1015,242
217.377,895,168,455,380,1015,248
217.484,895,168,455,380,1015,253
217.592,895,168,455,382,1016,260
217.698,895,168,455,384,1016,267
217.806,895,168,455,388,1015,274
217.914,895,168,455,391,1015,280
218.02,895,168,455,393,1015,287
218.128,895,167,455,395,1015,294
218.236,895,168,455,396,1015,302
218.34,895,168,455,396,1015,308
218.447,895,168,455,396,1015,316
218.555,895,168,455,396,1015,324
218.663,895,168,455,396,1015,332
218.768,895,168,455,396,1015,340
218.873,895,168,455,396,1015,349
218.976,895,168,455,396,1015,357
219.083,895,167,455,396,1015,366
219.189,895,167,455,396,1015,375
219.297,895,167,455,396,1015,384
219.402,895,167,455,396,1015,393
219.505,895,167,455,396,1015,402
219.611,895,167,455,396,1015,410
219.716,895,166,455,396,1016,417
219.821,895,165,455,396,1016,424
219.928,895,164,455,396,1016,433
220.036,895,163,455,396,1016,440
220.144,895,163,455,396,1016,448
220.251,895,163,455,396,1017,456
220.359,895,163,455,396,1017,465
220.466,895,163,455,396,1016,472
220.572,895,163,455,396,1017,482
220.678,895,163,455,396,1016,489
220.784,895,163,455,396,1016,499
220.892,895,163,455,396,1016,507
220.997,895,163,455,396,1016,515
221.105,895,163,455,396,1016,522
221.211,895,163,455,396,1016,530
221.315,895,163,455,396,1017,539
221.422,895,163,455,396,1016,546
221.526,895,163,455,396,1016,553
221.631,895,163,455,396,1016,559
221.737,895,164,455,396,1016,566
221.845,895,163,455,396,1016,575
221.95,895,163,455,396,1016,581
222.053,895,163,455,396,1016,587
222.16,895,163,455,396,1017,594
222.268,895,163,455,396,1016,601
222.373,895,163,455,396,1016,606
222.479,895,164,455,396,1016,613
222.587,895,163,455,396,1017,620
222.692,895,163,455,396,1016,627
222.798,895,163,455,396,1016,633
222.905,895,163,455,396,1016,638
223.011,895,163,455,396,1016,640
223.118,895,163,455,396,1017,640
223.226,895,163,455,396,1016,640
223.331,895,163,455,396,1016,639
223.438,895,163,455,396,1015,639
223.542,895,163,455,396,1015,639
223.649,895,163,455,396,1015,639
223.755,895,164,455,396,1015,639
223.863,895,165,455,396,1015,639
223.967,895,166,455,396,1015,639
224.07,895,167,455,396,1015,639
224.176,895,167,458,396,1015,639
224.28,896,168,464,396,1015,639
224.384,895,168,471,396,1016,639
224.491,896,168,479,396,1015,639
224.596,895,168,486,396,1015,639
224.702,896,168,494,396,1015,639
224.806,896,168,502,396,1015,639
224.913,896,168,510,396,1015,639
225.018,896,168,520,396,1015,639
225.126,896,168,528,396,1015,639
225.231,896,168,537,396,1015,639
225.338,896,168,546,396,1015,639
225.445,896,169,555,396,1015,639
225.552,896,170,567,396,1015,639
225.66,896,170,579,396,1015,639
225.768,896,170,590,396,1015,639
225.872,896,170,602,396,1015,639
225.976,896,170,612,396,1015,639
226.081,896,170,623,396,1015,639
226.189,896,170,634,396,1015,639
226.294,895,170,645,396,1015,639
226.4,896,170,656,396,1015,639
226.505,896,170,667,396,1015,639
226.609,895,170,676,396,1015,639
226.714,896,170,685,396,1015,639
226.817,896,170,694,396,1015,639
226.923,896,170,702,396,1015,639
227.03,896,170,710,396,1015,639
227.136,895,170,717,396,1015,639
227.241,896,170,725,396,1015,639
227.347,895,170,732,396,1015,639
227.45,895,170,740,396,1015,639
227.557,895,170,748,396,1015,639
227.665,895,170,756,396,1015,639
227.772,895,169,763,396,1015,639
227.88,895,170,766,396,1015,639
227.983,895,169,766,396,1015,639
228.088,895,170,766,396,1015,639
228.195,895,169,766,396,1015,639
228.302,895,169,766,396,1015,639
228.407,895,169,766,396,1015,639
228.515,896,169,766,396,1015,639
228.623,896,169,766,396,1015,639
228.73,895,169,766,396,1015,639
228.838,895,169,766,396,1015,639
228.946,895,170,766,396,1015,639
229.051,895,169,766,396,1015,639
229.159,895,169,766,396,1015,639
229.267,895,169,766,396,1015,639
229.372,895,170,766,396,1015,639
229.477,895,170,766,396,1015,639
229.584,895,169,766,396,1015,639
229.689,895,169,766,396,1015,639
229.797,896,169,766,396,1015,639
229.904,895,169,766,396,1015,639
230.012,896,169,766,396,1015,639
230.115,895,169,766,396,1015,639
230.22,895,169,766,396,1015,639
230.323,895,169,766,396,1015,639
230.429,895,169,766,396,1015,639
230.534,895,169,766,396,1015,639
230.639,895,169,766,396,1015,639
230.747,895,169,766,396,1015,639
230.855,895,169,766,396,1015,639
230.959,895,169,766,396,1015,639
231.067,895,169,766,396,1015,639
231.17,895,169,766,396,1015,639
231.276,895,169,766,396,1015,639
231.381,895,169,766,396,1015,639
231.488,895,169,766,396,1015,639
231.591,895,169,766,396,1015,639
231.697,895,169,766,396,1015,639
231.802,895,170,766,396,1015,639
231.909,895,169,766,396,1015,639
232.013,895,169,766,396,1015,639
232.117,895,169,766,396,1015,639
232.22,895,169,766,396,1015,639
232.327,895,169,766,396,1015,639
232.435,895,169,766,396,1015,639
232.541,895,169,766,396,1015,639
232.649,895,169,766,396,1015,639
232.756,895,169,766,396,1015,639
232.864,895,170,766,396,1015,639
232.971,895,170,766,396,1015,639
233.075,895,169,766,396,1015,639
233.18,895,169,766,396,1015,639
233.283,895,169,766,396,1015,639
233.391,895,169,766,396,1015,639
233.495,896,170,766,396,1015,639
233.602,895,170,766,396,1015,639
233.708,895,170,766,396,1015,639
233.811,895,170,766,396,1015,639
233.915,895,169,766,396,1015,639
234.021,895,169,766,396,1015,639
234.126,895,170,766,396,1015,639
234.23,895,170,766,396,1015,639
234.333,895,169,766,396,1015,639
234.437,895,169,766,396,1015,639
234.544,896,169,766,396,1015,639
234.652,895,169,766,396,1015,639
234.755,895,169,766,396,1015,639
234.859,895,170,766,396,1015,639
234.964,895,169,766,396,1015,639
235.072,895,170,766,396,1015,639
235.18,895,169,766,396,1015,639
235.288,895,170,766,396,1015,639
235.396,895,170,766,396,1015,639
235.503,895,170,766,396,1015,639
235.611,895,169,766,396,1015,639
235.714,896,170,766,396,1015,639
235.819,895,169,766,396,1015,639
235.924,895,170,766,396,1015,639
236.03,895,170,766,396,1015,639
236.136,896,169,766,396,1015,639
236.244,895,169,766,396,1015,639
236.348,895,169,766,396,1015,639
236.455,895,169,766,396,1015,639
236.563,896,169,766,396,1015,639
236.666,896,169,766,396,1015,639
236.772,895,169,766,396,1015,639
236.878,895,169,766,396,1015,639
236.981,896,169,766,396,1015,639
237.087,895,169,766,396,1015,639
237.192,895,170,766,396,1015,639
